legendId,windTimeStamp,windLevel,windSpeed,windDirection
1,"2003-05-07 17:50:02",227,23.7,346
1,"2003-05-07 17:50:02",323,19.7,175
1,"2003-05-07 17:50:02",419,23.2,170
1,"2003-05-07 17:50:02",515,25.0,171
1,"2003-05-07 17:50:02",612,25.2,175
1,"2003-05-07 17:50:02",708,25.1,180
1,"2003-05-07 17:50:02",804,25.4,185
1,"2003-05-07 17:50:02",900,24.7,193
1,"2003-05-07 17:50:02",997,23.9,197
1,"2003-05-07 17:50:02",1093,22.3,205
1,"2003-05-07 17:50:02",1189,20.5,210
1,"2003-05-07 17:50:02",1285,19.1,215
1,"2003-05-07 17:50:02",1381,17.7,219
1,"2003-05-07 17:50:02",1478,15.4,220
1,"2003-05-07 17:50:02",1574,12.7,221
1,"2003-05-07 17:50:02",1670,11.4,218
1,"2003-05-07 17:50:02",1766,11.2,220
1,"2003-05-07 17:50:02",1863,11.3,216
1,"2003-05-07 17:50:02",1959,10.8,218
1,"2003-05-07 17:50:02",2055,10.1,222
1,"2003-05-07 17:50:02",2151,10.1,226
1,"2003-05-07 17:50:02",2247,11.3,231
1,"2003-05-07 17:50:02",2344,11.4,229
1,"2003-05-07 17:50:02",2440,10.9,227
1,"2003-05-07 12:50:47",227,81.9,303
1,"2003-05-07 12:50:47",419,20.4,342
1,"2003-05-07 12:50:47",515,24.2,166
1,"2003-05-07 12:50:47",612,24.2,170
1,"2003-05-07 12:50:47",708,23.4,171
1,"2003-05-07 12:50:47",804,24.5,170
1,"2003-05-07 12:50:47",900,24.2,170
1,"2003-05-07 12:50:47",997,23.5,167
1,"2003-05-07 12:50:47",1093,22.1,167
1,"2003-05-07 12:50:47",1189,21.3,168
1,"2003-05-07 12:50:47",1285,21.3,171
1,"2003-05-07 12:50:47",1381,22.5,181
1,"2003-05-07 12:50:47",1478,22.0,190
1,"2003-05-07 12:50:47",1574,22.9,191
1,"2003-05-07 12:50:47",1670,21.5,196
1,"2003-05-07 12:50:47",1766,18.6,194
1,"2003-05-07 12:50:47",1863,18.1,191
1,"2003-05-07 12:50:47",1959,18.9,189
1,"2003-05-07 12:50:47",2151,14.6,195
1,"2003-05-07 12:50:47",2247,12.4,196
1,"2003-05-07 12:50:47",2344,11.6,203
1,"2003-05-07 17:51:42",344,19.5,328
1,"2003-05-07 17:51:42",729,24.5,176
1,"2003-05-07 17:51:42",1113,22.8,193
1,"2003-05-07 17:51:42",1498,15.0,215
1,"2003-05-07 17:51:42",1883,10.9,221
1,"2003-05-07 17:51:42",2268,10.8,228
1,"2003-05-07 12:52:27",729,23.4,170
1,"2003-05-07 12:52:27",1113,22.7,168
1,"2003-05-07 12:52:27",1498,21.7,178
1,"2003-05-07 12:52:27",1883,18.5,188
1,"2003-05-07 12:52:27",2268,13.8,197
1,"2003-05-08 01:50:05",131,52.6,79
1,"2003-05-08 01:50:05",227,35.1,303
1,"2003-05-08 01:50:05",323,77.6,303
1,"2003-05-08 01:50:05",515,10.2,333
1,"2003-05-08 01:50:05",612,12.6,337
1,"2003-05-08 01:50:05",708,11.0,340
1,"2003-05-08 01:50:05",804,13.5,101
1,"2003-05-08 01:50:05",997,10.9,76
1,"2003-05-08 01:50:05",1670,6.2,247
1,"2003-05-08 01:50:05",1766,6.8,245
1,"2003-05-08 01:50:05",1863,8.2,251
1,"2003-05-08 01:50:05",1959,9.8,250
1,"2003-05-08 01:50:05",2055,10.6,250
1,"2003-05-08 01:50:05",2151,11.7,243
1,"2003-05-08 01:50:05",2247,13.3,237
2,"2003-05-08 00:00:00",32,1.40463518395347,310.201560941063
2,"2003-05-08 00:00:00",72,1.96290600895713,285.520057540651
2,"2003-05-08 00:00:00",154,3.94178893397401,282.907996636264
2,"2003-05-08 00:00:00",280,6.06268092513535,293.576472596661
2,"2003-05-08 00:00:00",451,7.48305418929998,303.881231416802
2,"2003-05-08 00:00:00",670,7.29021947543419,308.642993252938
2,"2003-05-08 00:00:00",950,7.35611990114354,304.362082548605
2,"2003-05-08 00:00:00",1280,8.85641010793877,287.060582336928
2,"2003-05-08 00:00:00",1681,10.0504975001241,270.446080451949
2,"2003-05-08 00:00:00",2140,10.9233145152925,250.771346912668
2,"2003-05-08 01:00:00",32,1.22380554010839,313.161938995266
2,"2003-05-08 01:00:00",72,2.02232539419353,337.404052824495
2,"2003-05-08 01:00:00",155,4.01139626564118,319.965950000101
2,"2003-05-08 01:00:00",280,6.67108686796987,317.970450316873
2,"2003-05-08 01:00:00",451,8.89281170384261,320.694487303731
2,"2003-05-08 01:00:00",670,8.51818055690298,326.873451877609
2,"2003-05-08 01:00:00",950,6.89104491350913,321.937702012258
2,"2003-05-08 01:00:00",1279,7.97659075043969,293.966683667443
2,"2003-05-08 01:00:00",1679,8.66750829246791,274.436534842078
2,"2003-05-08 01:00:00",2137,9.87579363899428,251.485386031763
2,"2003-05-08 02:00:00",32,1.70073513516949,330.967459813901
2,"2003-05-08 02:00:00",72,2.51914668092193,352.694628295682
2,"2003-05-08 02:00:00",155,4.45432374216334,335.81082297777
2,"2003-05-08 02:00:00",281,7.27780186594826,326.458487676335
2,"2003-05-08 02:00:00",452,9.96543024660752,326.507716102699
2,"2003-05-08 02:00:00",670,9.82700361249552,335.256322199995
2,"2003-05-08 02:00:00",950,6.42572953056694,338.808768490298
2,"2003-05-08 02:00:00",1279,6.7931215210682,302.632968261069
2,"2003-05-08 02:00:00",1678,7.53018592067952,280.113140006292
2,"2003-05-08 02:00:00",2135,8.99249131220042,254.748571316029
2,"2003-05-08 03:00:00",32,2.02800394476934,322.821274973128
2,"2003-05-08 03:00:00",73,2.90931263359578,344.019084430233
2,"2003-05-08 03:00:00",155,5.15911814169825,336.251776890049
2,"2003-05-08 03:00:00",282,8.10246875958186,330.697568747207
2,"2003-05-08 03:00:00",452,10.6489670860605,331.422396009169
2,"2003-05-08 03:00:00",671,10.5864299931563,339.035870263292
2,"2003-05-08 03:00:00",950,6.02747874322258,347.50959734145
2,"2003-05-08 03:00:00",1278,5.66083032778761,312.670513884778
2,"2003-05-08 03:00:00",1676,6.47797807961713,287.001541543869
2,"2003-05-08 03:00:00",2132,8.15453248200042,258.719933134673
2,"2003-05-08 04:00:00",32,2.34917006621487,303.723369804998
2,"2003-05-08 04:00:00",73,3.42242604010664,323.836958107735
2,"2003-05-08 04:00:00",155,5.79,330.306793050183
2,"2003-05-08 04:00:00",282,8.40334457225217,332.829010657647
2,"2003-05-08 04:00:00",452,10.7225463393729,336.782906938029
2,"2003-05-08 04:00:00",671,10.0880325138255,344.250689654867
2,"2003-05-08 04:00:00",950,5.76365335529471,343.761800799865
2,"2003-05-08 04:00:00",1277,5.47300648638388,314.815158852672
2,"2003-05-08 04:00:00",1675,6.0940708889871,288.909996918328
2,"2003-05-08 04:00:00",2130,7.93521896358254,261.99233963402
2,"2003-05-08 05:00:00",32,2.91238733687674,292.888819220042
2,"2003-05-08 05:00:00",73,4.26517291560377,313.392135645931
2,"2003-05-08 05:00:00",156,6.57343137181792,326.592441048147
2,"2003-05-08 05:00:00",282,8.77483333175052,333.837261185586
2,"2003-05-08 05:00:00",452,10.8124604045518,340.72466254453
2,"2003-05-08 05:00:00",670,9.70004639164164,347.267483797798
2,"2003-05-08 05:00:00",949,5.61680514171535,339.249490645403
2,"2003-05-08 05:00:00",1276,5.39545178831208,314.290243941798
2,"2003-05-08 05:00:00",1673,5.95658459186135,289.775071247447
2,"2003-05-08 05:00:00",2128,7.80627952356307,265.1805227034
2,"2003-05-08 06:00:00",32,3.48432202874533,290.519991196177
2,"2003-05-08 06:00:00",73,5.04920785866457,311.688574828693
2,"2003-05-08 06:00:00",156,7.34741451124135,325.504839665216
2,"2003-05-08 06:00:00",282,9.26335252486917,334.274608139604
2,"2003-05-08 06:00:00",452,10.847363735028,343.829981571329
2,"2003-05-08 06:00:00",670,9.01130401218381,347.338309927501
2,"2003-05-08 06:00:00",949,5.65226503271034,330.099614013336
2,"2003-05-08 06:00:00",1275,5.7097898385142,308.781000216014
2,"2003-05-08 06:00:00",1672,6.22656406053933,288.489893085936
2,"2003-05-08 06:00:00",2126,7.78617364306756,267.598110066095
2,"2003-05-08 07:00:00",32,3.7705304666585,295.455309888128
2,"2003-05-08 07:00:00",73,5.48172418131376,316.217625375192
2,"2003-05-08 07:00:00",156,7.58538067601093,327.616078340134
2,"2003-05-08 07:00:00",281,9.52634767368901,336.799655380542
2,"2003-05-08 07:00:00",452,10.5514975240484,347.236010076431
2,"2003-05-08 07:00:00",669,7.87764558735667,343.710259345716
2,"2003-05-08 07:00:00",949,5.98017558270658,317.183753531116
2,"2003-05-08 07:00:00",1274,6.44181651399665,301.376990051864
2,"2003-05-08 07:00:00",1670,6.7948804257323,286.795118708445
2,"2003-05-08 07:00:00",2123,7.81005761822536,270.096556367737
2,"2003-05-08 08:00:00",32,3.92730187278747,303.722749623439
2,"2003-05-08 08:00:00",73,5.70600560812903,322.853908992063
2,"2003-05-08 08:00:00",156,7.48062163192338,331.548522781352
2,"2003-05-08 08:00:00",281,9.27683674535668,340.193013167487
2,"2003-05-08 08:00:00",452,9.72613489521917,349.162885434229
2,"2003-05-08 08:00:00",669,6.91035454951481,332.299100681167
2,"2003-05-08 08:00:00",948,7.01206103795453,305.308878624941
2,"2003-05-08 08:00:00",1273,7.38068425012207,295.191932082815
2,"2003-05-08 08:00:00",1669,7.54120016973426,286.102574230808
2,"2003-05-08 08:00:00",2120,7.86122763949754,272.935165885538
2,"2003-05-08 09:00:00",32,3.96547601177967,311.752871964126
2,"2003-05-08 09:00:00",73,5.68876963850708,329.263418889085
2,"2003-05-08 09:00:00",155,7.18966619531116,335.823865450873
2,"2003-05-08 09:00:00",281,8.72401856944378,343.39754895092
2,"2003-05-08 09:00:00",451,8.82331570329431,350.176247467376
2,"2003-05-08 09:00:00",668,6.87273599085546,317.347330611818
2,"2003-05-08 09:00:00",948,8.05908803773727,298.374398359219
2,"2003-05-08 09:00:00",1272,8.24907873644082,290.282899217871
2,"2003-05-08 09:00:00",1667,8.28734577533724,285.250277633496
2,"2003-05-08 09:00:00",2118,7.98649485068387,274.538698353481
2,"2003-05-08 10:00:00",32,3.84707681233427,313.973788170828
2,"2003-05-08 10:00:00",73,5.42284980430032,330.298045978392
2,"2003-05-08 10:00:00",155,6.72293090846544,336.385564138064
2,"2003-05-08 10:00:00",281,7.92323166391088,343.35384279398
2,"2003-05-08 10:00:00",451,7.99145168289216,350.186471933546
2,"2003-05-08 10:00:00",667,7.32602211298874,306.836771022023
2,"2003-05-08 10:00:00",946,8.59014551681169,292.798708940254
2,"2003-05-08 10:00:00",1270,9.20489000477464,286.910383855531
2,"2003-05-08 10:00:00",1665,8.78231176854933,283.625173709326
2,"2003-05-08 10:00:00",2116,8.16919212652022,274.715323453814
2,"2003-05-08 11:00:00",32,3.69437410125179,317.225190960521
2,"2003-05-08 11:00:00",73,4.90294809272952,331.815600676518
2,"2003-05-08 11:00:00",155,5.86570541367362,336.061568070188
2,"2003-05-08 11:00:00",280,6.99411895809615,342.818584321879
2,"2003-05-08 11:00:00",450,7.16648449380866,350.855464186028
2,"2003-05-08 11:00:00",667,7.50798241873274,303.20366304026
2,"2003-05-08 11:00:00",945,8.54534376137087,290.044179172093
2,"2003-05-08 11:00:00",1268,9.36226468329111,287.126828432651
2,"2003-05-08 11:00:00",1663,8.25538612058818,282.666579184944
2,"2003-05-08 11:00:00",2115,8.00315562762589,275.821418941241
2,"2003-05-08 12:00:00",32,3.39607125955861,318.988549096248
2,"2003-05-08 12:00:00",73,4.53538311501906,334.184041709845
2,"2003-05-08 12:00:00",156,4.89612091353962,335.420431813748
2,"2003-05-08 12:00:00",280,5.41557937805365,338.904133359854
2,"2003-05-08 12:00:00",450,6.35033857365101,348.141031029247
2,"2003-05-08 12:00:00",666,7.39784428059959,304.421697712775
2,"2003-05-08 12:00:00",943,8.1488649516359,289.79652506365
2,"2003-05-08 12:00:00",1266,8.67107836430971,287.99434483019
2,"2003-05-08 12:00:00",1661,7.3623501682547,281.537015298437
2,"2003-05-08 12:00:00",2113,7.65,278.66213791926
2,"2003-05-08 13:00:00",32,2.84253408071038,320.517933082117
2,"2003-05-08 13:00:00",73,3.85529506004404,333.954978579683
2,"2003-05-08 13:00:00",156,3.99382022629963,333.80150556284
2,"2003-05-08 13:00:00",281,4.0968890636677,334.036848497229
2,"2003-05-08 13:00:00",451,5.58802290618068,343.35177509629
2,"2003-05-08 13:00:00",667,7.0129594323652,307.642652096784
2,"2003-05-08 13:00:00",944,7.28233479043637,293.311836230296
2,"2003-05-08 13:00:00",1267,7.52261922471156,289.82602006997
2,"2003-05-08 13:00:00",1661,6.49150213741011,281.413224947167
2,"2003-05-08 13:00:00",2114,7.15002797197326,282.379746099799
2,"2003-05-08 14:00:00",32,2.00897984061563,316.426488538238
2,"2003-05-08 14:00:00",73,2.91075591556558,327.854493301864
2,"2003-05-08 14:00:00",156,3.01264003823889,327.268546096917
2,"2003-05-08 14:00:00",282,3.11481941691649,326.720987703799
2,"2003-05-08 14:00:00",452,4.32187459327547,328.423495717271
2,"2003-05-08 14:00:00",668,6.46594927292196,311.622328174966
2,"2003-05-08 14:00:00",944,6.36317530797321,300.027057349941
2,"2003-05-08 14:00:00",1267,6.64307910535469,292.512044634961
2,"2003-05-08 14:00:00",1662,6.04804927228607,282.562868453507
2,"2003-05-08 14:00:00",2115,6.79720530806595,285.037175286764
2,"2003-05-08 15:00:00",32,1.13251931550857,298.891595287105
2,"2003-05-08 15:00:00",73,2.26384628453435,313.027698978726
2,"2003-05-08 15:00:00",157,2.41979337960909,312.80835650804
2,"2003-05-08 15:00:00",282,2.61137894607428,312.490530993348
2,"2003-05-08 15:00:00",453,3.17775077688607,312.395379163103
2,"2003-05-08 15:00:00",669,5.42796462774031,311.085636962235
2,"2003-05-08 15:00:00",945,5.99403870524707,308.796715266639
2,"2003-05-08 15:00:00",1268,6.29471206648882,297.991026495265
2,"2003-05-08 15:00:00",1662,5.97657092319668,285.681982826729
2,"2003-05-08 15:00:00",2116,6.69633481839133,286.962366685007
2,"2003-05-08 16:00:00",32,0.830240928887513,260.880603212848
2,"2003-05-08 16:00:00",73,2.00384630149121,292.443702115057
2,"2003-05-08 16:00:00",157,2.18504004539963,293.593749403459
2,"2003-05-08 16:00:00",283,2.41107859681098,295.131806225211
2,"2003-05-08 16:00:00",454,2.87600417245873,297.38419015418
2,"2003-05-08 16:00:00",670,4.20529428221141,302.501777426195
2,"2003-05-08 16:00:00",947,6.18896598794985,316.188111218144
2,"2003-05-08 16:00:00",1270,6.41131811720492,307.856443004412
2,"2003-05-08 16:00:00",1663,6.00170809020232,291.453595252987
2,"2003-05-08 16:00:00",2117,6.58210452666926,289.468602019363
2,"2003-05-08 17:00:00",32,1.0463746938836,218.350680198742
2,"2003-05-08 17:00:00",73,2.02,269.876772568448
2,"2003-05-08 17:00:00",157,2.19447032333545,273.529531016443
2,"2003-05-08 17:00:00",284,2.43248843779369,277.663088087701
2,"2003-05-08 17:00:00",455,2.8212408617486,282.762390068552
2,"2003-05-08 17:00:00",672,3.39948525515261,288.020355176349
2,"2003-05-08 17:00:00",949,6.24374887387377,317.537736998785
2,"2003-05-08 17:00:00",1271,6.56745003787619,317.156801678493
2,"2003-05-08 17:00:00",1664,5.92595983786593,297.053166739963
2,"2003-05-08 17:00:00",2118,6.35836456960436,291.247282215661
2,"2003-05-08 18:00:00",32,1.44557946858691,199.78666432493
2,"2003-05-08 18:00:00",73,2.04298800779642,250.758527227969
2,"2003-05-08 18:00:00",157,2.18341475675145,257.194576269722
2,"2003-05-08 18:00:00",285,2.35227549406952,264.028776999833
2,"2003-05-08 18:00:00",456,2.66422596639249,273.099900200645
2,"2003-05-08 18:00:00",674,3.192256255378,282.893900562058
2,"2003-05-08 18:00:00",951,5.50967331154942,313.566711803229
2,"2003-05-08 18:00:00",1273,6.55951979949752,325.674133507535
2,"2003-05-08 18:00:00",1666,5.69722739584791,304.244943193291
2,"2003-05-08 18:00:00",2118,5.91338312643448,293.894871822557
2,"2003-05-08 19:00:00",32,1.97772596686194,189.592052770151
2,"2003-05-08 19:00:00",73,2.32398364882372,230.693129010272
2,"2003-05-08 19:00:00",158,2.33585102264678,239.291485850891
2,"2003-05-08 19:00:00",285,2.36019067026374,248.015178370114
2,"2003-05-08 19:00:00",457,2.5486663179004,265.156940500125
2,"2003-05-08 19:00:00",674,3.02200264725231,284.031559867239
2,"2003-05-08 19:00:00",952,4.91809922632718,312.593444557866
2,"2003-05-08 19:00:00",1274,6.41463950662857,334.501471086524
2,"2003-05-08 19:00:00",1667,5.43765574489596,314.740754043515
2,"2003-05-08 19:00:00",2120,5.32016917024262,300.207904955041
2,"2003-05-08 20:00:00",32,2.31812424170923,188.921845732104
2,"2003-05-08 20:00:00",73,2.60967430918113,220.5932658011
2,"2003-05-08 20:00:00",158,2.42406683076189,233.482230311328
2,"2003-05-08 20:00:00",285,2.33,243.128450907618
2,"2003-05-08 20:00:00",457,2.36076258865647,271.331137165744
2,"2003-05-08 20:00:00",675,2.914875640572,299.215715318459
2,"2003-05-08 20:00:00",953,4.85202019781451,323.09922441154
2,"2003-05-08 20:00:00",1275,6.39203410504043,342.391241955801
2,"2003-05-08 20:00:00",1668,5.57355362403557,327.476409940969
2,"2003-05-08 20:00:00",2121,4.8382331485781,311.384560337331
2,"2003-05-08 21:00:00",32,2.31482180739685,189.937002352739
2,"2003-05-08 21:00:00",73,2.55501467706156,218.432006441292
2,"2003-05-08 21:00:00",158,2.16905509381389,236.964472809286
2,"2003-05-08 21:00:00",285,2.009601950636,253.71855277715
2,"2003-05-08 21:00:00",458,2.23707398178961,294.689445808509
2,"2003-05-08 21:00:00",676,3.24006172780705,322.580940609845
2,"2003-05-08 21:00:00",954,5.05949602233266,336.007584925433
2,"2003-05-08 21:00:00",1276,6.49278060618099,345.415918221024
2,"2003-05-08 21:00:00",1670,6.09926225046931,339.741696096556
2,"2003-05-08 21:00:00",2123,4.36790567663726,319.079965909238
2,"2003-05-08 22:00:00",32,2.14897650056951,193.435830703596
2,"2003-05-08 22:00:00",73,2.49721845259881,218.606875488807
2,"2003-05-08 22:00:00",157,1.8962067397834,243.617985158349
2,"2003-05-08 22:00:00",285,1.7401149387325,269.219131064044
2,"2003-05-08 22:00:00",457,2.29106961919537,315.168347764863
2,"2003-05-08 22:00:00",675,3.53012747645181,337.65090572339
2,"2003-05-08 22:00:00",953,4.86491520994971,342.682880136132
2,"2003-05-08 22:00:00",1275,6.34641631158877,348.777361849091
2,"2003-05-08 22:00:00",1669,6.17612337959662,349.131357221256
2,"2003-05-08 22:00:00",2121,3.67164813128927,321.219681940013
2,"2003-05-08 23:00:00",32,1.91637678967368,201.716116001832
2,"2003-05-08 23:00:00",73,2.34797785338789,223.904450696723
2,"2003-05-08 23:00:00",157,1.61789987329253,261.357687228892
2,"2003-05-08 23:00:00",284,1.69094648052503,295.0433909946
2,"2003-05-08 23:00:00",457,2.59886513693958,332.043265356073
2,"2003-05-08 23:00:00",675,3.83099203862394,347.25809148889
2,"2003-05-08 23:00:00",952,4.57450543774953,346.373590146451
2,"2003-05-08 23:00:00",1275,5.8966515922174,357.035582408253
2,"2003-05-08 23:00:00",1668,5.89383576289669,350.687217848835
2,"2003-05-08 23:00:00",2120,3.35,322.934129522036
2,"2003-05-09 00:00:00",32,1.5440207252495,216.522955415502
2,"2003-05-09 00:00:00",73,2.16092572755289,239.318691172794
2,"2003-05-09 00:00:00",157,1.63856644662339,299.061177868478
2,"2003-05-09 00:00:00",284,2.14946504972749,326.183434611151
2,"2003-05-09 00:00:00",456,3.19662321833525,345.649695594286
2,"2003-05-09 00:00:00",675,4.19109770823826,354.010017829946
2,"2003-05-09 00:00:00",952,4.44704396200442,350.579158188929
2,"2003-05-09 00:00:00",1274,5.36725255601038,4.83536653937347
2,"2003-05-09 00:00:00",1667,6.09338165553414,348.219696491564
2,"2003-05-09 00:00:00",2118,3.59477398455035,329.378134309626
2,"2003-05-09 01:00:00",32,1.00881118153994,252.005142915576
2,"2003-05-09 01:00:00",73,1.60224842018958,294.1690413836
2,"2003-05-09 01:00:00",156,2.63782107050497,348.841959332283
2,"2003-05-09 01:00:00",284,3.45244840656598,357.598549336868
2,"2003-05-09 01:00:00",456,4.25621897932895,3.33990456629897
2,"2003-05-09 01:00:00",674,4.75042103397162,5.55372389068407
2,"2003-05-09 01:00:00",951,4.73207142803234,1.93949678563308
2,"2003-05-09 01:00:00",1273,5.33970972993851,9.50204415518499
2,"2003-05-09 01:00:00",1666,6.55036640196562,354.241987159105
2,"2003-05-09 01:00:00",2117,3.63792523287656,338.5077047197
2,"2003-05-09 02:00:00",32,1.71679934762336,326.202040863975
2,"2003-05-09 02:00:00",73,3.08857572353342,355.488738080331
2,"2003-05-09 02:00:00",156,4.90926674769257,16.1860277540773
2,"2003-05-09 02:00:00",284,5.40120356957595,18.4551658492161
2,"2003-05-09 02:00:00",455,5.51530597519304,18.0656377962658
2,"2003-05-09 02:00:00",674,5.41365865196542,16.7507376962406
2,"2003-05-09 02:00:00",950,5.2461890930465,11.2200603679215
2,"2003-05-09 02:00:00",1273,6.01950994683122,10.6647192725268
2,"2003-05-09 02:00:00",1665,6.79982352712186,7.84182065213088
2,"2003-05-09 02:00:00",2116,3.38195209901027,344.341251989014
2,"2003-05-09 03:00:00",32,3.44095916860401,349.894123609578
2,"2003-05-09 03:00:00",73,5.15911814169825,13.5641022311171
2,"2003-05-09 03:00:00",156,6.77661419884591,31.9932175849485
2,"2003-05-09 03:00:00",283,6.64653293078429,32.7920327676844
2,"2003-05-09 03:00:00",455,5.90474385557917,25.4749632926943
2,"2003-05-09 03:00:00",673,5.35058875265143,18.5208973658017
2,"2003-05-09 03:00:00",950,5.54373520291148,8.21946327130257
2,"2003-05-09 03:00:00",1272,7.06770825657087,9.26992674826658
2,"2003-05-09 03:00:00",1664,6.59427782247609,17.6957701070154
2,"2003-05-09 03:00:00",2115,3.29971210865433,343.043947797952
2,"2003-05-09 04:00:00",32,4.79307834277722,11.5409018490149
2,"2003-05-09 04:00:00",73,6.63319681601564,27.7781665160227
2,"2003-05-09 04:00:00",156,8.27392289062449,45.9672515969432
2,"2003-05-09 04:00:00",282,7.32374903993849,43.0298453472993
2,"2003-05-09 04:00:00",454,6.0153969112603,27.4132183790308
2,"2003-05-09 04:00:00",672,5.56493486035551,15.4355978444112
2,"2003-05-09 04:00:00",948,6.89979709846601,6.39481221720132
2,"2003-05-09 04:00:00",1271,8.47502802355249,13.4611143928119
2,"2003-05-09 04:00:00",1663,6.17644719883527,24.495938754068
2,"2003-05-09 04:00:00",2113,3.36762527606621,332.768961324563
2,"2003-05-09 05:00:00",32,4.94,22.8353488349262
2,"2003-05-09 05:00:00",73,6.47074957018119,33.4734728569658
2,"2003-05-09 05:00:00",155,8.28481140400915,47.0897526557246
2,"2003-05-09 05:00:00",281,7.38610858300905,43.3220998581246
2,"2003-05-09 05:00:00",452,6.00097492079412,24.7279597131516
2,"2003-05-09 05:00:00",670,5.82073878472484,11.4252335487113
2,"2003-05-09 05:00:00",947,8.01207214146253,6.11266612958241
2,"2003-05-09 05:00:00",1269,9.09228244171946,12.0345680329397
2,"2003-05-09 05:00:00",1661,5.6849362353504,24.2987648250014
2,"2003-05-09 05:00:00",2111,3.7,325.594921095756
2,"2003-05-09 06:00:00",32,4.09206549312202,18.3024278852062
2,"2003-05-09 06:00:00",73,5.36003731330296,28.4940016381661
2,"2003-05-09 06:00:00",155,7.38664335134708,40.4140758878532
2,"2003-05-09 06:00:00",280,7.46836662195958,38.5063453574842
2,"2003-05-09 06:00:00",451,6.14857707116045,22.4845901619213
2,"2003-05-09 06:00:00",669,5.65305227288763,5.41544445240089
2,"2003-05-09 06:00:00",946,7.91364012323027,1.98197290566975
2,"2003-05-09 06:00:00",1267,9.23146792227542,3.09875056014926
2,"2003-05-09 06:00:00",1659,5.36492311221699,14.470413380397
2,"2003-05-09 06:00:00",2108,4.02836194997421,322.167110960554
2,"2003-05-09 07:00:00",32,3.65242385273122,16.2776101230208
2,"2003-05-09 07:00:00",73,5.01103781666034,29.738170049115
2,"2003-05-09 07:00:00",155,7.15069926650534,37.8660606905201
2,"2003-05-09 07:00:00",280,8.41005350755868,37.2699742394486
2,"2003-05-09 07:00:00",450,7.37499152541886,27.3996761211168
2,"2003-05-09 07:00:00",668,5.95309163376476,9.22178634508998
2,"2003-05-09 07:00:00",944,7.78301997941673,3.55650237377654
2,"2003-05-09 07:00:00",1266,8.91080804416749,1.01701205326418
2,"2003-05-09 07:00:00",1657,4.69669032404735,6.34925899544623
2,"2003-05-09 07:00:00",2106,4.80093740846514,317.850396894907
2,"2003-05-09 08:00:00",32,3.27649202654302,9.89678452379098
2,"2003-05-09 08:00:00",72,4.38563564378073,23.4475438835968
2,"2003-05-09 08:00:00",155,6.44906194729125,32.019926021417
2,"2003-05-09 08:00:00",279,8.82972819513715,35.0047598360131
2,"2003-05-09 08:00:00",449,8.73945078365912,27.594977562827
2,"2003-05-09 08:00:00",667,6.48077155900438,9.28941383288304
2,"2003-05-09 08:00:00",943,7.36010869484955,0.55741555420957
2,"2003-05-09 08:00:00",1264,8.31329657837371,356.516984084237
2,"2003-05-09 08:00:00",1656,4.51611558753759,352.512566680841
2,"2003-05-09 08:00:00",2104,5.3122688184993,320.154172173288
2,"2003-05-09 09:00:00",32,3.02238316564925,344.818182648392
2,"2003-05-09 09:00:00",72,4.13004842586621,359.476465799204
2,"2003-05-09 09:00:00",154,5.71052536987623,15.4543229721191
2,"2003-05-09 09:00:00",279,8.32281803237341,27.1440739364032
2,"2003-05-09 09:00:00",449,9.27920794033629,22.1096166094289
2,"2003-05-09 09:00:00",666,7.13763266076365,2.89277378408758
2,"2003-05-09 09:00:00",942,7.20573382800114,347.836179588895
2,"2003-05-09 09:00:00",1263,8.14734926218338,345.05519072707
2,"2003-05-09 09:00:00",1654,5.92868450838801,336.117837845291
2,"2003-05-09 09:00:00",2102,5.6868444677167,321.948068449231
2,"2003-05-09 10:00:00",32,3.57393340732588,340.331246939944
2,"2003-05-09 10:00:00",72,5.03953370858852,352.581954202645
2,"2003-05-09 10:00:00",154,6.65469758892168,6.88180524786776
2,"2003-05-09 10:00:00",279,8.91152063342727,20.8495023637104
2,"2003-05-09 10:00:00",449,9.94034707643551,17.7278051189255
2,"2003-05-09 10:00:00",666,8.00005624980225,359.53898115331
2,"2003-05-09 10:00:00",942,7.74162773581887,340.782901080293
2,"2003-05-09 10:00:00",1263,8.4639943289206,338.007092333043
2,"2003-05-09 10:00:00",1654,7.29937668571776,336.802864456489
2,"2003-05-09 10:00:00",2102,6.0605280298007,322.178829099674
2,"2003-05-09 11:00:00",32,4.24449054657918,345.311484796567
2,"2003-05-09 11:00:00",72,5.20499759846246,350.701765860343
2,"2003-05-09 11:00:00",155,7.67475081028694,2.25979289528857
2,"2003-05-09 11:00:00",279,10.0864760942561,15.9284650162035
2,"2003-05-09 11:00:00",449,10.3735866507202,9.7774307686521
2,"2003-05-09 11:00:00",666,8.92679673791221,352.749586471349
2,"2003-05-09 11:00:00",942,8.94471911241488,333.79702089374
2,"2003-05-09 11:00:00",1263,9.71670726120737,334.699756532602
2,"2003-05-09 11:00:00",1653,7.97213271339608,341.502710905083
2,"2003-05-09 11:00:00",2102,6.8006029144481,318.267842353264
1,"2003-05-07 18:50:17",419,15.9,180
1,"2003-05-07 18:50:17",515,20.6,180
1,"2003-05-07 18:50:17",612,22.4,184
1,"2003-05-07 18:50:17",708,22.4,192
1,"2003-05-07 18:50:17",804,22.1,198
1,"2003-05-07 18:50:17",900,21.6,204
1,"2003-05-07 18:50:17",997,19.9,206
1,"2003-05-07 18:50:17",1093,17.2,214
1,"2003-05-07 18:50:17",1189,15.6,216
1,"2003-05-07 18:50:17",1285,13.8,219
1,"2003-05-07 18:50:17",1381,11.9,222
1,"2003-05-07 18:50:17",1478,9.8,219
1,"2003-05-07 18:50:17",1574,8.6,224
1,"2003-05-07 18:50:17",1670,8.5,224
1,"2003-05-07 18:50:17",1766,8.4,227
1,"2003-05-07 18:50:17",1863,8.4,232
1,"2003-05-07 18:50:17",1959,8.5,236
1,"2003-05-07 18:50:17",2055,9.4,238
1,"2003-05-07 18:50:17",2151,9.7,236
1,"2003-05-07 18:50:17",2247,11.7,243
1,"2003-05-07 18:50:17",2344,11.0,237
1,"2003-05-07 13:50:54",515,23.0,167
1,"2003-05-07 13:50:54",612,23.7,169
1,"2003-05-07 13:50:54",708,23.2,172
1,"2003-05-07 13:50:54",804,24.7,169
1,"2003-05-07 13:50:54",900,23.3,168
1,"2003-05-07 13:50:54",997,23.8,166
1,"2003-05-07 13:50:54",1093,22.7,178
1,"2003-05-07 13:50:54",1189,21.7,180
1,"2003-05-07 13:50:54",1285,20.3,179
1,"2003-05-07 13:50:54",1381,19.6,182
1,"2003-05-07 13:50:54",1478,19.7,183
1,"2003-05-07 13:50:54",1574,19.4,185
1,"2003-05-07 13:50:54",1670,18.9,187
1,"2003-05-07 13:50:54",1766,18.5,189
1,"2003-05-07 13:50:54",1863,18.2,192
1,"2003-05-07 13:50:54",1959,18.1,194
1,"2003-05-07 13:50:54",2055,17.5,197
1,"2003-05-07 13:50:54",2151,16.8,199
1,"2003-05-07 13:50:54",2247,15.7,201
1,"2003-05-07 13:50:54",2344,15.1,201
1,"2003-05-07 13:50:54",2440,14.8,199
1,"2003-05-08 02:45:00",131,72.9,123
1,"2003-05-08 02:45:00",227,90.5,303
1,"2003-05-08 02:45:00",323,34.7,303
1,"2003-05-08 02:45:00",515,8.4,338
1,"2003-05-08 02:45:00",612,10.7,332
1,"2003-05-08 02:45:00",708,11.8,326
1,"2003-05-08 02:45:00",804,9.0,101
1,"2003-05-08 02:45:00",1093,14.9,271
1,"2003-05-08 02:45:00",1285,5.8,277
1,"2003-05-08 02:45:00",1381,6.5,266
1,"2003-05-08 02:45:00",1478,5.3,259
1,"2003-05-08 02:45:00",1670,5.8,254
1,"2003-05-08 02:45:00",1766,5.9,249
1,"2003-05-08 02:45:00",2151,8.2,243
1,"2003-05-08 02:45:00",2247,9.7,239
1,"2003-05-07 18:51:57",344,21.0,322
1,"2003-05-07 18:51:57",729,21.4,187
1,"2003-05-07 18:51:57",1113,17.5,210
1,"2003-05-07 18:51:57",1498,10.1,220
1,"2003-05-07 18:51:57",1883,8.5,232
1,"2003-05-07 18:51:57",2268,9.7,238
1,"2003-05-08 02:46:39",344,51.4,304
1,"2003-05-08 02:46:39",1113,6.2,293
1,"2003-05-08 03:40:30",131,73.8,123
1,"2003-05-08 03:40:30",227,35.8,303
1,"2003-05-08 03:40:30",323,56.8,303
1,"2003-05-08 03:40:30",515,6.8,341
1,"2003-05-08 03:40:30",612,8.7,335
1,"2003-05-08 03:40:30",708,9.4,329
1,"2003-05-08 03:40:30",804,13.0,104
1,"2003-05-08 03:40:30",900,2.6,262
1,"2003-05-08 03:40:30",1189,7.8,289
1,"2003-05-08 03:40:30",1574,6.0,247
1,"2003-05-08 03:40:30",1670,6.5,243
1,"2003-05-07 19:50:55",131,49.9,141
1,"2003-05-07 19:50:55",323,22.1,329
1,"2003-05-07 19:50:55",419,15.2,192
1,"2003-05-07 19:50:55",515,18.5,192
1,"2003-05-07 19:50:55",612,20.0,201
1,"2003-05-07 19:50:55",708,19.4,209
1,"2003-05-07 19:50:55",804,17.8,203
1,"2003-05-07 19:50:55",900,16.2,216
1,"2003-05-07 19:50:55",997,16.6,317
1,"2003-05-07 19:50:55",1189,7.5,205
1,"2003-05-07 19:50:55",1285,7.0,210
1,"2003-05-07 19:50:55",1381,6.0,218
1,"2003-05-07 19:50:55",1478,6.8,234
1,"2003-05-07 19:50:55",1574,8.2,246
1,"2003-05-07 19:50:55",1670,9.8,251
1,"2003-05-07 19:50:55",1766,11.3,254
1,"2003-05-07 19:50:55",1863,12.2,253
1,"2003-05-07 19:50:55",1959,12.1,253
1,"2003-05-07 19:50:55",2055,12.3,251
1,"2003-05-07 19:50:55",2151,11.8,243
1,"2003-05-07 19:50:55",2247,13.0,242
1,"2003-05-07 19:50:55",2344,13.0,240
1,"2003-05-08 03:42:09",1113,8.0,287
1,"2003-05-08 03:42:09",1498,5.8,259
1,"2003-05-08 03:42:09",1883,6.7,249
1,"2003-05-08 03:42:09",2268,8.5,255
1,"2003-05-07 19:52:34",729,17.4,205
1,"2003-05-07 19:52:34",1113,10.4,211
1,"2003-05-07 19:52:34",1498,8.1,245
1,"2003-05-07 19:52:34",1883,10.5,252
1,"2003-05-07 19:52:34",2268,12.2,248
1,"2003-05-08 04:37:05",344,52.3,303
1,"2003-05-08 04:37:05",729,44.9,298
1,"2003-05-08 04:37:05",1113,6.7,304
1,"2003-05-08 04:37:05",1498,6.4,252
1,"2003-05-08 04:37:05",1883,7.3,253
1,"2003-05-08 04:37:05",2268,8.9,252
1,"2003-05-08 04:35:26",131,74.1,123
1,"2003-05-08 04:35:26",227,91.2,303
1,"2003-05-08 04:35:26",323,35.6,302
1,"2003-05-08 04:35:26",419,21.9,290
1,"2003-05-08 04:35:26",515,7.4,351
1,"2003-05-08 04:35:26",708,19.5,280
1,"2003-05-08 04:35:26",900,16.1,110
1,"2003-05-08 04:35:26",997,12.4,77
1,"2003-05-08 04:35:26",1478,7.1,253
1,"2003-05-08 04:35:26",1574,7.5,259
1,"2003-05-08 04:35:26",1670,7.0,253
1,"2003-05-08 04:35:26",1766,7.8,257
1,"2003-05-08 05:30:23",323,36.5,302
1,"2003-05-08 05:30:23",515,8.6,333
1,"2003-05-08 05:30:23",612,9.2,336
1,"2003-05-08 05:30:23",708,7.5,332
1,"2003-05-08 05:30:23",804,17.5,115
1,"2003-05-08 05:30:23",997,11.9,73
1,"2003-05-08 05:30:23",1093,18.8,272
1,"2003-05-08 05:30:23",1189,7.8,298
1,"2003-05-08 05:30:23",1285,8.1,297
1,"2003-05-08 05:30:23",1381,8.3,295
1,"2003-05-08 05:30:23",1478,8.2,294
1,"2003-05-08 05:30:23",1574,7.9,283
1,"2003-05-08 05:30:23",1670,7.5,259
1,"2003-05-08 05:30:23",1766,8.5,249
1,"2003-05-08 05:30:23",1863,8.3,240
1,"2003-05-08 05:30:23",1959,9.0,242
1,"2003-05-08 05:32:02",344,53.2,303
1,"2003-05-08 05:32:02",1498,7.6,284
1,"2003-05-08 05:32:02",1883,7.8,251
1,"2003-05-08 05:32:02",2268,9.0,247
1,"2003-05-07 13:52:33",729,23.3,166
1,"2003-05-07 13:52:33",1113,23.0,169
1,"2003-05-07 13:52:33",1498,19.6,181
1,"2003-05-07 13:52:33",1883,18.2,189
1,"2003-05-07 13:52:33",2268,16.6,194
2,"2003-05-07 12:00:00",32,10.203964915659,123.36281070188
2,"2003-05-07 12:00:00",73,13.298308163071,133.540234842494
2,"2003-05-07 12:00:00",155,15.7050724289957,137.509711549321
2,"2003-05-07 12:00:00",280,19.180002606882,144.833493983807
2,"2003-05-07 12:00:00",450,22.352847693303,156.093711453915
2,"2003-05-07 12:00:00",668,20.9915078067298,161.900597058996
2,"2003-05-07 12:00:00",946,18.6272971737716,156.591172331223
2,"2003-05-07 12:00:00",1269,18.6269509045361,155.683575101036
2,"2003-05-07 12:00:00",1662,16.0268275088989,171.254955749242
2,"2003-05-07 12:00:00",2117,15.1962001829405,195.944251381893
2,"2003-05-07 13:00:00",32,10.3742758783445,131.315021488997
2,"2003-05-07 13:00:00",73,12.7386734003192,137.412557881628
2,"2003-05-07 13:00:00",155,15.3166347478811,140.856381368975
2,"2003-05-07 13:00:00",280,18.5660254227985,147.381810602795
2,"2003-05-07 13:00:00",450,21.7566656452683,157.803567508077
2,"2003-05-07 13:00:00",668,21.0450112853379,164.730000230493
2,"2003-05-07 13:00:00",946,18.7557164619217,160.075530488703
2,"2003-05-07 13:00:00",1269,18.5498517514292,159.48293044952
2,"2003-05-07 13:00:00",1663,15.6493610093192,173.882482880176
2,"2003-05-07 13:00:00",2118,15.8472363521215,196.662546593282
2,"2003-05-07 14:00:00",32,9.48369653668863,134.080353774115
2,"2003-05-07 14:00:00",73,11.7719369689104,140.603655923262
2,"2003-05-07 14:00:00",155,14.4821338206771,144.547722713421
2,"2003-05-07 14:00:00",280,17.783298344233,151.082055076436
2,"2003-05-07 14:00:00",450,21.2528586312524,160.7389066628
2,"2003-05-07 14:00:00",668,21.3343127379346,167.785063081804
2,"2003-05-07 14:00:00",946,19.0535928370478,164.402304809935
2,"2003-05-07 14:00:00",1269,17.8822174240221,166.138182219543
2,"2003-05-07 14:00:00",1664,15.5001451606106,177.082525142877
2,"2003-05-07 14:00:00",2120,16.9005798717085,197.681682264165
2,"2003-05-07 15:00:00",32,8.78777560023013,137.087789326956
2,"2003-05-07 15:00:00",73,10.9301646831143,143.494674535741
2,"2003-05-07 15:00:00",155,13.6455487247674,148.345123515106
2,"2003-05-07 15:00:00",280,16.8601304858533,155.353590474415
2,"2003-05-07 15:00:00",450,20.4383585446581,164.468672222396
2,"2003-05-07 15:00:00",668,21.1639410318589,169.670573099936
2,"2003-05-07 15:00:00",946,18.8604135691665,167.896376831834
2,"2003-05-07 15:00:00",1269,17.0253252538681,174.986114691356
2,"2003-05-07 15:00:00",1666,16.3574722986163,184.797787591177
2,"2003-05-07 15:00:00",2122,19.3868924791984,201.453688346133
2,"2003-05-07 16:00:00",32,8.41628183938727,136.215420263382
2,"2003-05-07 16:00:00",73,10.5520614099805,142.985378177213
2,"2003-05-07 16:00:00",155,13.3462953661306,148.711017778857
2,"2003-05-07 16:00:00",281,16.6243255502291,156.227577590534
2,"2003-05-07 16:00:00",451,20.4653976262373,164.199327350627
2,"2003-05-07 16:00:00",669,21.6241069179747,168.383819193829
2,"2003-05-07 16:00:00",947,19.4391769373088,171.01517541088
2,"2003-05-07 16:00:00",1271,18.622105144156,179.139653861027
2,"2003-05-07 16:00:00",1669,19.7566444519306,188.282799371243
2,"2003-05-07 16:00:00",2126,20.7880831247135,204.706616001606
2,"2003-05-07 17:00:00",32,7.93620816259251,136.489200880768
2,"2003-05-07 17:00:00",73,10.0843839673031,143.679889945657
2,"2003-05-07 17:00:00",155,12.9977921202026,149.984617448939
2,"2003-05-07 17:00:00",281,16.51,157.411106028177
2,"2003-05-07 17:00:00",451,20.4892288776323,163.665994670509
2,"2003-05-07 17:00:00",670,22.1445817300756,168.132942749592
2,"2003-05-07 17:00:00",948,20.6265896357105,173.913556045197
2,"2003-05-07 17:00:00",1273,20.8367415878779,181.4555277734
2,"2003-05-07 17:00:00",1672,22.4839787404276,192.25771153172
2,"2003-05-07 17:00:00",2131,21.005846805116,210.454215012726
2,"2003-05-07 18:00:00",32,7.39316576305442,139.059758258591
2,"2003-05-07 18:00:00",73,9.67731884356406,146.979211344634
2,"2003-05-07 18:00:00",155,12.8133719215513,152.872209068632
2,"2003-05-07 18:00:00",281,16.6451494436067,158.936998159691
2,"2003-05-07 18:00:00",452,20.7398770488159,163.466313169317
2,"2003-05-07 18:00:00",671,23.0693411262654,168.94389637699
2,"2003-05-07 18:00:00",950,22.8793465815788,175.544021721494
2,"2003-05-07 18:00:00",1276,23.5174594716351,184.334836520725
2,"2003-05-07 18:00:00",1675,23.353770573507,200.920755778246
2,"2003-05-07 18:00:00",2135,19.1648245491578,220.733523703276
2,"2003-05-07 19:00:00",32,7.02496263335258,144.842369246149
2,"2003-05-07 19:00:00",73,9.41940550141037,152.601989288614
2,"2003-05-07 19:00:00",155,12.7200353773093,157.276159744206
2,"2003-05-07 19:00:00",281,16.7284787114669,161.482131016125
2,"2003-05-07 19:00:00",452,21.0081722194007,164.787267108467
2,"2003-05-07 19:00:00",671,24.1139067759664,169.910880959092
2,"2003-05-07 19:00:00",950,24.8884893073083,178.505514195436
2,"2003-05-07 19:00:00",1277,24.4225326287017,193.357881550161
2,"2003-05-07 19:00:00",1677,21.6472862040488,213.460668526956
2,"2003-05-07 19:00:00",2137,15.7780924068786,232.861532147975
2,"2003-05-07 20:00:00",32,6.64602888949484,152.816777655389
2,"2003-05-07 20:00:00",73,8.86315970746325,160.242809805433
2,"2003-05-07 20:00:00",155,12.1320237388492,163.648869233271
2,"2003-05-07 20:00:00",281,16.0583498529581,166.147168538909
2,"2003-05-07 20:00:00",452,20.5099097998992,168.541418838679
2,"2003-05-07 20:00:00",670,24.3466075665584,174.397779255857
2,"2003-05-07 20:00:00",950,24.3077929890807,187.839344331352
2,"2003-05-07 20:00:00",1278,21.5876006077563,206.101956763886
2,"2003-05-07 20:00:00",1679,16.5780577873284,226.109908495467
2,"2003-05-07 20:00:00",2139,11.9057969073893,242.617333963393
2,"2003-05-07 21:00:00",32,5.90736828037663,158.893937804586
2,"2003-05-07 21:00:00",73,7.83715509607919,166.81523264431
2,"2003-05-07 21:00:00",155,10.8767642247132,170.273889242376
2,"2003-05-07 21:00:00",281,14.5553014396817,172.192352580496
2,"2003-05-07 21:00:00",451,18.7592164015451,175.083303762663
2,"2003-05-07 21:00:00",670,21.3955696348567,185.410064181621
2,"2003-05-07 21:00:00",951,19.3431874312379,202.782302647894
2,"2003-05-07 21:00:00",1280,15.1984242604291,219.312428016421
2,"2003-05-07 21:00:00",1680,10.4464826616426,241.755731666806
2,"2003-05-07 21:00:00",2141,10.056023070777,246.0972995843
2,"2003-05-07 22:00:00",32,5.24752322529401,160.314408935431
2,"2003-05-07 22:00:00",73,6.92018785872176,169.775820409067
2,"2003-05-07 22:00:00",155,9.65660395791398,175.016531889513
2,"2003-05-07 22:00:00",281,12.9471425418893,178.099350698051
2,"2003-05-07 22:00:00",452,16.1847397260506,184.707209425648
2,"2003-05-07 22:00:00",671,15.5354884055829,199.411374689928
2,"2003-05-07 22:00:00",952,11.8921318526158,217.088852784694
2,"2003-05-07 22:00:00",1281,8.06022332196819,235.642172932934
2,"2003-05-07 22:00:00",1682,8.44712969001897,259.937429272641
2,"2003-05-07 22:00:00",2142,10.6870809859381,246.534195478157
2,"2003-05-07 23:00:00",32,4.4873265983211,161.30803844725
2,"2003-05-07 23:00:00",73,5.70312195205398,172.959402899251
2,"2003-05-07 23:00:00",155,7.97122951620388,181.004968948926
2,"2003-05-07 23:00:00",281,10.6312605085192,187.502444874073
2,"2003-05-07 23:00:00",452,11.3315003419671,199.19214554957
2,"2003-05-07 23:00:00",671,8.73485546531824,214.552362969574
2,"2003-05-07 23:00:00",953,5.91209776644467,233.386411045237
2,"2003-05-07 23:00:00",1282,5.84216569432946,261.522340962857
2,"2003-05-07 23:00:00",1683,8.90224690738243,268.591206229579
2,"2003-05-07 23:00:00",2143,10.094671861928,248.52623107844
1,"2003-05-07 14:51:52",344,19.2,340
1,"2003-05-07 14:51:52",729,24.9,166
1,"2003-05-07 14:51:52",1113,23.0,170
1,"2003-05-07 14:51:52",1498,21.7,179
1,"2003-05-07 14:51:52",1883,20.3,195
1,"2003-05-07 14:51:52",2268,13.6,213
1,"2003-05-07 14:50:12",419,23.9,164
1,"2003-05-07 14:50:12",515,24.1,168
1,"2003-05-07 14:50:12",612,24.6,167
1,"2003-05-07 14:50:12",708,24.7,165
1,"2003-05-07 14:50:12",804,25.5,165
1,"2003-05-07 14:50:12",900,24.5,166
1,"2003-05-07 14:50:12",997,23.8,167
1,"2003-05-07 14:50:12",1093,23.6,168
1,"2003-05-07 14:50:12",1189,22.9,170
1,"2003-05-07 14:50:12",1285,21.7,173
1,"2003-05-07 14:50:12",1381,21.1,177
1,"2003-05-07 14:50:12",1478,21.0,182
1,"2003-05-07 14:50:12",1574,21.4,186
1,"2003-05-07 14:50:12",1670,21.1,193
1,"2003-05-07 14:50:12",1766,21.3,197
1,"2003-05-07 14:50:12",1863,20.0,201
1,"2003-05-07 14:50:12",1959,18.1,204
1,"2003-05-07 14:50:12",2055,16.4,207
1,"2003-05-07 14:50:12",2151,13.9,209
1,"2003-05-07 14:50:12",2247,13.4,211
1,"2003-05-07 14:50:12",2344,12.0,212
1,"2003-05-07 14:50:12",2440,11.8,215
1,"2003-05-07 20:51:48",1113,8.5,248
1,"2003-05-07 20:51:48",1498,10.7,256
1,"2003-05-07 20:51:48",1883,11.8,250
1,"2003-05-07 20:51:48",2268,11.8,242
1,"2003-05-07 15:50:49",323,15.2,163
1,"2003-05-07 15:50:49",419,21.6,167
1,"2003-05-07 15:50:49",515,24.3,167
1,"2003-05-07 15:50:49",612,24.3,168
1,"2003-05-07 15:50:49",708,24.2,166
1,"2003-05-07 15:50:49",804,23.9,167
1,"2003-05-07 15:50:49",900,23.0,168
1,"2003-05-07 15:50:49",997,23.6,171
1,"2003-05-07 15:50:49",1093,22.9,175
1,"2003-05-07 15:50:49",1189,22.7,181
1,"2003-05-07 15:50:49",1285,22.8,188
1,"2003-05-07 15:50:49",1381,22.7,192
1,"2003-05-07 15:50:49",1478,21.3,201
1,"2003-05-07 15:50:49",1574,22.0,202
1,"2003-05-07 15:50:49",1670,21.2,208
1,"2003-05-07 15:50:49",1766,19.4,212
1,"2003-05-07 15:50:49",1863,17.1,217
1,"2003-05-07 15:50:49",1959,15.6,223
1,"2003-05-07 15:50:49",2055,14.7,225
1,"2003-05-07 15:50:49",2151,14.6,228
1,"2003-05-07 15:50:49",2247,14.6,230
1,"2003-05-07 15:50:49",2344,13.7,230
1,"2003-05-07 15:50:49",2440,13.7,232
1,"2003-05-07 20:50:08",131,69.6,123
1,"2003-05-07 20:50:08",323,12.8,295
1,"2003-05-07 20:50:08",419,12.6,219
1,"2003-05-07 20:50:08",515,12.7,214
1,"2003-05-07 20:50:08",612,11.6,222
1,"2003-05-07 20:50:08",708,10.0,220
1,"2003-05-07 20:50:08",804,18.6,151
1,"2003-05-07 20:50:08",997,5.8,66
1,"2003-05-07 20:50:08",1093,12.6,244
1,"2003-05-07 20:50:08",1189,10.0,245
1,"2003-05-07 20:50:08",1285,9.6,247
1,"2003-05-07 20:50:08",1381,9.5,247
1,"2003-05-07 20:50:08",1478,10.4,253
1,"2003-05-07 20:50:08",1574,11.7,256
1,"2003-05-07 20:50:08",1670,13.2,260
1,"2003-05-07 20:50:08",1766,12.8,261
1,"2003-05-07 20:50:08",1863,11.9,256
1,"2003-05-07 20:50:08",1959,11.5,251
1,"2003-05-07 20:50:08",2055,12.3,250
1,"2003-05-07 20:50:08",2151,12.0,239
1,"2003-05-07 20:50:08",2247,12.8,238
1,"2003-05-07 15:52:29",344,13.5,183
1,"2003-05-07 15:52:29",729,24.7,165
1,"2003-05-07 15:52:29",1113,23.8,170
1,"2003-05-07 15:52:29",1498,22.1,191
1,"2003-05-07 15:52:29",1883,18.0,208
1,"2003-05-07 15:52:29",2268,13.6,222
1,"2003-05-08 06:27:00",344,52.9,303
1,"2003-05-08 06:27:00",1113,6.2,294
1,"2003-05-08 06:27:00",1498,10.2,285
1,"2003-05-08 06:27:00",1883,9.4,269
1,"2003-05-08 06:27:00",2268,9.2,258
1,"2003-05-07 21:50:50",323,10.8,295
1,"2003-05-07 21:50:50",419,9.5,251
1,"2003-05-07 21:50:50",515,5.5,230
1,"2003-05-07 21:50:50",612,6.4,247
1,"2003-05-07 21:50:50",708,8.1,263
1,"2003-05-07 21:50:50",804,6.9,260
1,"2003-05-07 21:50:50",997,7.7,251
1,"2003-05-07 21:50:50",1093,8.4,254
1,"2003-05-07 21:50:50",1189,8.6,265
1,"2003-05-07 21:50:50",1285,10.4,268
1,"2003-05-07 21:50:50",1381,11.9,265
1,"2003-05-07 21:50:50",1478,11.9,263
1,"2003-05-07 21:50:50",1574,11.3,262
1,"2003-05-07 21:50:50",1670,10.7,258
1,"2003-05-07 21:50:50",1766,11.1,260
1,"2003-05-07 21:50:50",1863,11.8,254
1,"2003-05-07 21:50:50",1959,12.8,252
1,"2003-05-07 21:50:50",2055,13.0,246
1,"2003-05-07 21:50:50",2151,12.8,239
1,"2003-05-07 21:50:50",2247,12.3,234
1,"2003-05-07 21:50:50",2344,12.1,228
1,"2003-05-07 21:50:50",2440,12.9,234
1,"2003-05-08 06:25:21",227,91.7,303
1,"2003-05-08 06:25:21",323,35.8,302
1,"2003-05-08 06:25:21",515,6.4,326
1,"2003-05-08 06:25:21",612,5.8,308
1,"2003-05-08 06:25:21",708,5.4,302
1,"2003-05-08 06:25:21",804,17.5,124
1,"2003-05-08 06:25:21",900,5.2,297
1,"2003-05-08 06:25:21",1093,17.6,274
1,"2003-05-08 06:25:21",1189,8.8,296
1,"2003-05-08 06:25:21",1285,9.5,292
1,"2003-05-08 06:25:21",1478,10.5,289
1,"2003-05-08 06:25:21",1574,10.4,286
1,"2003-05-08 06:25:21",1670,10.8,282
1,"2003-05-08 06:25:21",1766,8.8,265
1,"2003-05-08 06:25:21",1863,8.3,250
1,"2003-05-08 06:25:21",1959,9.1,253
1,"2003-05-08 06:25:21",2055,10.1,249
1,"2003-05-08 06:25:21",2440,9.5,249
1,"2003-05-07 16:50:54",227,23.7,301
1,"2003-05-07 16:50:54",323,11.8,177
1,"2003-05-07 16:50:54",419,18.2,174
1,"2003-05-07 16:50:54",515,21.9,175
1,"2003-05-07 16:50:54",612,23.1,172
1,"2003-05-07 16:50:54",708,23.5,171
1,"2003-05-07 16:50:54",804,23.5,170
1,"2003-05-07 16:50:54",900,23.5,174
1,"2003-05-07 16:50:54",997,23.9,180
1,"2003-05-07 16:50:54",1093,23.6,186
1,"2003-05-07 16:50:54",1189,23.7,192
1,"2003-05-07 16:50:54",1285,23.4,198
1,"2003-05-07 16:50:54",1381,22.6,202
1,"2003-05-07 16:50:54",1478,20.8,206
1,"2003-05-07 16:50:54",1574,18.0,212
1,"2003-05-07 16:50:54",1670,16.1,215
1,"2003-05-07 16:50:54",1766,14.9,219
1,"2003-05-07 16:50:54",1863,13.4,221
1,"2003-05-07 16:50:54",1959,13.1,226
1,"2003-05-07 16:50:54",2055,12.7,229
1,"2003-05-07 16:50:54",2151,12.5,230
1,"2003-05-07 16:50:54",2247,11.7,232
1,"2003-05-07 16:50:54",2344,11.7,232
1,"2003-05-07 16:50:54",2440,12.0,231
1,"2003-05-07 21:52:30",344,10.1,267
1,"2003-05-07 21:52:30",729,10.7,270
1,"2003-05-07 21:52:30",1113,8.1,262
1,"2003-05-07 21:52:30",1498,10.5,263
1,"2003-05-07 21:52:30",1883,11.2,246
1,"2003-05-07 21:52:30",2268,12.2,234
1,"2003-05-08 07:21:57",344,52.7,303
1,"2003-05-08 07:21:57",1113,6.8,296
1,"2003-05-08 07:21:57",1498,10.5,289
1,"2003-05-08 07:21:57",1883,10.3,260
1,"2003-05-08 07:21:57",2268,10.2,251
1,"2003-05-08 07:20:18",131,1.4,3
1,"2003-05-08 07:20:18",227,91.7,303
1,"2003-05-08 07:20:18",323,58.6,303
1,"2003-05-08 07:20:18",419,23.7,301
1,"2003-05-08 07:20:18",515,6.0,330
1,"2003-05-08 07:20:18",612,5.4,307
1,"2003-05-08 07:20:18",708,4.6,302
1,"2003-05-08 07:20:18",804,18.5,122
1,"2003-05-08 07:20:18",997,12.8,73
1,"2003-05-08 07:20:18",1093,17.5,271
1,"2003-05-08 07:20:18",1189,8.1,293
1,"2003-05-08 07:20:18",1285,9.6,291
1,"2003-05-08 07:20:18",1381,10.5,292
1,"2003-05-08 07:20:18",1478,11.6,291
1,"2003-05-08 07:20:18",1574,11.3,291
1,"2003-05-08 07:20:18",1670,10.1,283
1,"2003-05-08 07:20:18",1863,10.3,242
1,"2003-05-08 07:20:18",2344,10.4,250
1,"2003-05-08 07:20:18",2440,10.0,252
1,"2003-05-08 00:55:05",131,73.8,123
1,"2003-05-08 00:55:05",227,87.6,303
1,"2003-05-08 00:55:05",323,33.6,303
1,"2003-05-08 00:55:05",515,11.8,337
1,"2003-05-08 00:55:05",612,11.9,336
1,"2003-05-08 00:55:05",708,8.8,333
1,"2003-05-08 00:55:05",804,14.7,118
1,"2003-05-08 00:55:05",900,16.2,328
1,"2003-05-08 00:55:05",997,6.8,67
1,"2003-05-08 00:55:05",1381,6.6,277
1,"2003-05-08 00:55:05",1478,7.0,270
1,"2003-05-08 00:55:05",1574,7.2,266
1,"2003-05-08 00:55:05",1670,8.3,259
1,"2003-05-08 00:55:05",1766,10.0,251
1,"2003-05-08 00:55:05",1863,10.9,245
1,"2003-05-08 00:55:05",1959,12.2,241
1,"2003-05-08 00:55:05",2055,13.2,238
1,"2003-05-08 00:55:05",2151,13.8,232
1,"2003-05-08 00:55:05",2247,14.3,233
1,"2003-05-08 00:55:05",2344,13.6,226
1,"2003-05-08 00:55:05",2440,13.8,225
1,"2003-05-08 08:15:14",131,52.2,77
1,"2003-05-08 08:15:14",227,36.5,303
1,"2003-05-08 08:15:14",323,35.5,302
1,"2003-05-08 08:15:14",419,23.0,301
1,"2003-05-08 08:15:14",515,6.5,324
1,"2003-05-08 08:15:14",612,6.9,320
1,"2003-05-08 08:15:14",708,6.1,319
1,"2003-05-08 08:15:14",804,19.2,121
1,"2003-05-08 08:15:14",1093,17.4,265
1,"2003-05-08 08:15:14",1285,6.0,295
1,"2003-05-08 08:15:14",1381,7.6,298
1,"2003-05-08 08:15:14",1478,10.3,297
1,"2003-05-08 08:15:14",1574,10.3,290
1,"2003-05-08 08:15:14",1670,9.1,278
1,"2003-05-08 00:56:44",1113,6.2,279
1,"2003-05-08 00:56:44",1498,6.7,258
1,"2003-05-08 00:56:44",1883,10.6,247
1,"2003-05-08 00:56:44",2268,13.3,231
1,"2003-05-08 08:16:53",344,52.8,303
1,"2003-05-08 08:16:53",1113,5.1,294
1,"2003-05-08 08:16:53",1498,8.4,295
1,"2003-05-08 08:16:53",1883,10.0,268
1,"2003-05-08 08:16:53",2268,12.6,262
1,"2003-05-08 01:51:43",344,49.3,303
1,"2003-05-08 01:51:43",1113,5.9,285
1,"2003-05-08 01:51:43",1498,6.6,260
1,"2003-05-08 01:51:43",1883,8.6,250
1,"2003-05-08 01:51:43",2268,11.6,244
1,"2003-05-08 09:11:49",729,6.6,296
1,"2003-05-08 09:11:49",1113,3.7,296
1,"2003-05-08 09:11:49",1498,6.1,299
1,"2003-05-08 09:11:49",1883,8.6,298
1,"2003-05-08 09:11:49",2268,19.2,319
1,"2003-05-08 09:10:10",131,1.5,344
1,"2003-05-08 09:10:10",227,35.4,303
1,"2003-05-08 09:10:10",323,34.3,302
1,"2003-05-08 09:10:10",515,5.6,312
1,"2003-05-08 09:10:10",612,6.0,308
1,"2003-05-08 09:10:10",708,5.4,297
1,"2003-05-08 09:10:10",804,3.7,298
1,"2003-05-08 09:10:10",900,3.2,295
1,"2003-05-08 09:10:10",997,13.4,72
1,"2003-05-08 09:10:10",1189,2.6,259
1,"2003-05-08 09:10:10",1285,3.4,285
1,"2003-05-08 09:10:10",1381,5.4,296
1,"2003-05-08 09:10:10",1478,9.5,300
1,"2003-05-08 09:10:10",1574,9.3,296
1,"2003-05-07 11:51:40",344,22.1,339
1,"2003-05-07 11:51:40",1113,24.4,168
1,"2003-05-07 11:51:40",1498,21.6,176
1,"2003-05-07 11:51:40",1883,17.2,196
1,"2003-05-07 11:51:40",2268,13.4,206
1,"2003-05-07 16:52:34",729,22.3,171
1,"2003-05-07 16:52:34",1113,23.0,180
1,"2003-05-07 16:52:34",1498,20.4,201
1,"2003-05-07 16:52:34",1883,14.6,220
1,"2003-05-07 16:52:34",2268,12.2,230
1,"2003-05-07 11:50:01",515,23.1,165
1,"2003-05-07 11:50:01",612,24.0,164
1,"2003-05-07 11:50:01",708,23.2,168
1,"2003-05-07 11:50:01",804,23.3,167
1,"2003-05-07 11:50:01",900,23.6,168
1,"2003-05-07 11:50:01",997,24.5,168
1,"2003-05-07 11:50:01",1093,22.7,171
1,"2003-05-07 11:50:01",1189,23.8,170
1,"2003-05-07 11:50:01",1285,22.2,172
1,"2003-05-07 11:50:01",1381,21.2,178
1,"2003-05-07 11:50:01",1478,20.6,187
1,"2003-05-07 11:50:01",1574,19.0,189
1,"2003-05-07 11:50:01",1670,18.5,189
1,"2003-05-07 11:50:01",1766,18.3,192
1,"2003-05-07 11:50:01",1863,18.0,190
1,"2003-05-07 11:50:01",1959,16.4,200
1,"2003-05-07 11:50:01",2055,15.7,204
1,"2003-05-07 11:50:01",2151,14.6,206
1,"2003-05-07 11:50:01",2344,12.6,212
